Babo,,https://bit.ly/2AnnESQ,Babo Botanicals,https://amzn.to/3qp1G6q,Babo Botanicals
Badger,,,https://www.amazon.com/s/ref=as_li_ss_tl?url=search-alias=aps&field-keywords=badger&rh=i:aps,k:badger&linkCode=ll2&tag=cfbrandlist-20&linkId=2455bab741ffa1c595f47eabf819e4fb
BaeBlu,https://www.crueltyfreekitty.com/brands/baeblu/,Amazon,https://amzn.to/3tKGf3O
BH Cosmetics,,,https://bit.ly/3gzWWHp
Billy Jealousy,,https://rstyle.me/+GUx0Tp9Uc8WlpWErAP2MIg,
bioClarity,,https://rstyle.me/+fWVj6J73WPkftIY_P8PeMg,https://amzn.to/3RmUeXO
Biolage,,https://rstyle.me/+_cLOnT8U01dqs8Og_IkMEw,https://amzn.to/3d2FsGk
Biöm,,,https://amzn.to/3tQMNB6
BioSilk,,https://rstyle.me/+utlAWQA5n4fAcAR6QeieBA,https://amzn.to/3JFcR69
Biossance,,,https://www.amazon.com/Biossance/s?k=Biossance
Biossance,https://bit.ly/3dbelUR,,
Blinc,https://bit.ly/2M6NUDF,,
Bliss,,https://bit.ly/3At8uWN,https://amzn.to/2Q6drlE
Blume,,Ulta,https://bit.ly/2RFYYxG,Amazon,https://amzn.to/3f9gl22,Blume,
Bondi Sands,,https://bit.ly/2RJ2yHF,https://amzn.to/3ziJ5hT,
brandname,sephora,ulta,amazon
Earth Harbor,,,https://amzn.to/3xuFT3q,Earth Harbor,
Eau de Juice,,https://rstyle.me/+hCkmjtpGsV-CqH33NzVEBQ,
Eco Lips,,,https://amzn.to/3c14Wjh
Eco Me,,,https://amzn.to/3Tce3ln
EcoColors,,,https://www.amazon.com/s/ref=as_li_ss_tl?url=search-alias=beauty&field-keywords=ecocolors&linkCode=ll2&tag=cfbrandlist-20&linkId=13405a833b67dadd6f21b2efbbdb4f6e
ECOS,,,https://www.amazon.com/s/ref=as_li_ss_tl?url=search-alias=beauty&field-keywords=ecos&rh=n:3760911,k:ecos&linkCode=ll2&tag=cfbrandlist-20&linkId=a0771dc85bc12715de0b03a4a6becbc5
EcoTools,,https://bit.ly/36IN6yz,EcoTools,https://amzn.to/3xpEUj6
Ecover,,,https://amzn.to/3D0LYIe
Eczema Honey,,https://rstyle.me/+a5ez__TBS_TEW3p11MRjGg,https://amzn.to/3VTbVAO
Edible Beauty,,,https://amzn.to/3yH3YEN
elaluz,,https://rstyle.me/+MRWMVZ71Fm3xJXfBO7Ql8w
elf,,https://bit.ly/3cgibdK,
Umberto Giannini,,,https://amzn.to/3wrrQco
Undone Beauty,,https://rstyle.me/+litrVfpAoMnDBWuGZjm1ZQ,https://amzn.to/3HVGCPm
Unpaste,,,Amazon,https://amzn.to/3baPKU9
UnSun,,,https://www.amazon.com/Mineral-Tinted-Face-Sunscreen-Light/dp/B07FV9HH7C/ref=sr_1_2?dchild=1&keywords=Unsun+Cosmetics&qid=1598550450&sr=8-2&tag=cfbrandlist-20
Uoma Beauty,,https://bit.ly/2QspZAX,
Urban Decay,https://bit.ly/2zDstHG,http://bit.ly/2sAYCf0,
Urban Skin Rx,,https://rstyle.me/+Jy57QJhjXl8GxDAm9SOUhw,https://amzn.to/3wzikGe
Urban Veda,,https://rstyle.me/+KDbXgEeeORT7wQ7djrQwIA,
Ursa Major,,https://bit.ly/3dQ08is,https://amzn.to/3v26VMV
Vacation,,https://rstyle.me/+Na27hBw5WGu7nvaL8BnUfw,
Vasanti Cosmetics,,,https://amzn.to/36zQsIn
VEGAMOUR,https://bit.ly/3lQxtOT,,https://amzn.to/3yzs7Lw
Verb,https://rstyle.me/+FVUoxtK19GxxJ8GhmJj-8w,https://rstyle.me/+5KFSDj-poFJ4JIGHve130w,https://amzn.to/3RuPIGW
Vered Organic Botanicals,,,Amazon,https://www.amazon.com/s/ref=as_li_ss_tl?url=search-alias=luxury-beauty&field-keywords=vered+organic+botanicals&rh=n:7175545011,k:vered+organic+botanicals&linkCode=ll2&tag=cfbrandlist-20&linkId=39087118cba51139688539dd884605d7
Vernon Francois,,,https://www.amazon.com/stores/VernonFran%C3%A7ois/Homepage/page/1DA3C8FA-A425-44C2-8816-19190B90E4AD
Viori,https://rstyle.me/+V2uItxL-el1UbBKJOEf2Vg,,
Virtue,https://bit.ly/3y45DCG,https://bit.ly/3hdnAIP,https://amzn.to/3eXY5IR
Vitruvi,https://bit.ly/2EAVYZN,https://www.amazon.com/stores/node/20322970011?_encoding=UTF8&field-lbr_brands_browse-bin=Vitruvi&ref_=bl_dp_s_web_20322970011&tag=cfbrandlist-20,Vitruvi
Voir Haircare,,https://rstyle.me/+N31ciMHlP1N81QFfkuGFkg,Voir Haircare,https://amzn.to/3D5ZBpV
Volition Beauty,,,https://bit.ly/3ewYq3w,https://www.amazon.com/volition-Beauty-Personal-Care/s?k=volition&rh=n%3A3760911
